Date,GPS_week,Year,N_TWD97(m),E_TWD97(m),"h(橢球高, m)",σN(m),σE(m),σh(m)
2011-01-02,1617,2011.00273972603,2639738.67295,177597.431,25.40545,0.000212132003272919,0.000565685431238338,0.000777817459303389
2011-01-09,1618,2011.02191780822,2639738.67365714,177597.430628571,25.4081428571429,0.000450396579664856,0.000672592705330814,0.00199737923527958
2011-01-16,1619,2011.04109589041,2639738.67371429,177597.430085714,25.4071571428571,0.000872598823923031,0.000644020112648397,0.00219002065656666
2011-01-23,1620,2011.0602739726,2639738.6735,177597.429971429,25.4048428571429,0.000559761846050006,0.00041115400704042,0.00242477293978749
2011-01-30,1621,2011.07945205479,2639738.6727,177597.429985714,25.4010428571429,0.000702376906019358,0.000433699478680895,0.00360363573023
2011-02-06,1622,2011.09863013699,2639738.67361429,177597.4301,25.3974571428571,0.000849369503176543,0.00114746095840982,0.00317745031057783
2011-02-13,1623,2011.11780821918,2639738.67331429,177597.430485714,25.3994285714286,0.00097882337893542,0.000954687681482098,0.0034649263030711
2011-02-20,1624,2011.13698630137,2639738.67245714,177597.430842857,25.3981142857143,0.000345722117642559,0.000559336338027735,0.00235543949998661
2011-02-27,1625,2011.15616438356,2639738.67294286,177597.429842857,25.3984571428571,0.000685218077040918,0.000812110711669408,0.00250789230421141
2011-03-06,1626,2011.17534246575,2639738.6732,177597.43035,25.3983166666667,0.000558569619944966,0.000288097204348512,0.00514370165023826
2011-03-13,1627,2011.19452054795,2639738.6728,177597.430566667,25.3980666666667,0.000655743910206228,0.00119303533453197,0.000680685928553818
2011-03-20,1628,2011.21369863014,2639738.67292,177597.42982,25.39672,0.000580517007437841,0.00101833196165674,0.00203641842458763
2011-03-27,1629,2011.23287671233,2639738.67351667,177597.430416667,25.3936166666667,0.00105150680501254,0.000785917724729869,0.00379442573608635
2011-04-03,1630,2011.25205479452,2639738.67226,177597.4303,25.39392,0.00181190509498068,0.000612372441018747,0.00542051658054889
2011-04-10,1631,2011.27123287671,2639738.6728,177597.430914286,25.3908857142857,0.000355902636208852,0.00123481249417553,0.00318665371585377
2011-04-17,1632,2011.2904109589,2639738.67165714,177597.431157143,25.3915142857143,0.00101465444697928,0.00120396171727747,0.00313604239524379
2011-04-24,1633,2011.3095890411,2639738.6724,177597.430628571,25.3908714285714,0.000583095143974843,0.000949937338266773,0.00370572273010081
2011-05-01,1634,2011.32876712329,2639738.67191429,177597.430214286,25.3884714285714,0.00108232552748464,0.000712807998583447,0.00481273113235895
2011-05-08,1635,2011.34794520548,2639738.67182857,177597.4292,25.3875142857143,0.000604743147037818,0.00106770782094576,0.00265858895621196
2011-05-15,1636,2011.36712328767,2639738.67225,177597.429933333,25.389,0.00065650586539889,0.00122256560704172,0.00520999040306262
2011-05-22,1637,2011.38630136986,2639738.67306667,177597.429616667,25.3927,0.000463321353051566,0.000713909420417763,0.00274881792776506
2011-05-29,1638,2011.40547945205,2639738.67284286,177597.430142857,25.3872714285714,0.0015371588069171,0.0011688415021406,0.00501455025757213
2011-06-05,1639,2011.42465753425,2639738.67171667,177597.4298,25.3868333333333,0.00197425098700824,0.00176181724175594,0.00355115004845805
2011-06-12,1640,2011.44383561644,2639738.67128333,177597.42995,25.3912,0.000746770862837085,0.000516720429323803,0.00574247333472242
2011-06-19,1641,2011.46301369863,2639738.671075,177597.430525,25.386475,0.000950000167154434,0.00150637533515569,0.00362985307324415
2011-06-26,1642,2011.48219178082,2639738.671475,177597.4298,25.3864,0.00144308695650204,0.000663324953014263,0.00365239647355079
2011-07-03,1643,2011.50136986301,2639738.67098333,177597.429,25.3878,0.000577638839502874,0.000638748778084951,0.00454708697959427
2011-07-10,1644,2011.52054794521,2639738.67166667,177597.4305,25.38125,0.00230014492964747,0.00178885437976114,0.00633521901752446
2011-07-17,1645,2011.5397260274,2639738.67215714,177597.429942857,25.3869142857143,0.000739046899108988,0.000971008312688728,0.00438080227486119
2011-07-24,1646,2011.55890410959,2639738.67288333,177597.429016667,25.3851666666667,0.000813428875737879,0.00106848803185899,0.00328247873818988
2011-07-31,1647,2011.57808219178,2639738.67184286,177597.428828571,25.3811857142857,0.000905275578156589,0.00135857067361216,0.00319761816118767
2011-08-07,1648,2011.59726027397,2639738.67176667,177597.430316667,25.3886333333333,0.00163788482060592,0.00170694659336211,0.00442974792360359
2011-08-14,1649,2011.61643835616,2639738.67242857,177597.428471429,25.3873428571429,0.000415187894337644,0.0010950103255545,0.00608436716590327
2011-08-21,1650,2011.63561643836,2639738.67333333,177597.429383333,25.3814333333333,0.00150288619715061,0.000962115719235198,0.00676037474306507
2011-08-28,1651,2011.65479452055,2639738.67358571,177597.430914286,25.3885,0.00162422140951593,0.000705758622647022,0.00503653319920187
2011-09-04,1652,2011.67397260274,2639738.67221667,177597.429566667,25.3835666666667,0.00157913477233587,0.00102306727903905,0.00146515073172267
2011-09-11,1653,2011.69315068493,2639738.6748,177597.43115,25.378675,0.00148996644302521,0.00314695620179024,0.00272564976962725
2011-09-18,1654,2011.71232876712,2639738.67497143,177597.427028571,25.3876714285714,0.00134624709506217,0.00151626106394607,0.00412177724034796
2011-09-25,1655,2011.73150684932,2639738.67574286,177597.427457143,25.3905714285714,0.00162158068038135,0.000699659786570437,0.00413268043998682
2011-10-02,1656,2011.75068493151,2639738.67428571,177597.427085714,25.3880857142857,0.00120198255707289,0.000779804617449426,0.00709751801017568
2011-10-09,1657,2011.7698630137,2639738.67347143,177597.429071429,25.3851428571429,0.000863547487004856,0.000819988387195618,0.00280586121232938
2011-10-16,1658,2011.78904109589,2639738.67354286,177597.428785714,25.3878285714286,0.000941376901147253,0.000674360368440834,0.00274573261972892
2011-10-23,1659,2011.80821917808,2639738.6734,177597.427971429,25.3859,0.00056568549297694,0.000914174107063574,0.00307137319994423
2011-10-30,1660,2011.82739726027,2639738.67468571,177597.427171429,25.3875571428571,0.00115243010237107,0.00182821797478576,0.00339109478038118
2011-11-06,1661,2011.84657534247,2639738.67464286,177597.428185714,25.3888571428571,0.00123539084490702,0.00107304639943559,0.00372686514506788
2011-11-13,1662,2011.86575342466,2639738.67434286,177597.427385714,25.3916571428571,0.00127652802520015,0.00140169964681217,0.00515617983357705
2011-11-20,1663,2011.88493150685,2639738.67474286,177597.428128571,25.3936428571429,0.00152736937460282,0.00142911894250158,0.00388452362710298
2011-11-27,1664,2011.90410958904,2639738.67412857,177597.426985714,25.3908,0.00112355718008211,0.000978823392740222,0.00367514172062404
2011-12-04,1665,2011.92328767123,2639738.6754,177597.42755,25.39595,0.00179332095938232,0.000516720431013526,0.00532005639067794
2011-12-11,1666,2011.94246575342,2639738.67461429,177597.426442857,25.3993142857143,0.000620291762281644,0.000897881101169913,0.00319709689740967
2011-12-18,1667,2011.96164383562,2639738.67398571,177597.427928571,25.3938285714286,0.000751506402527819,0.000314718311239129,0.00348698259517431
2011-12-25,1668,2011.98082191781,2639738.67451429,177597.427428571,25.3924857142857,0.000641426985128233,0.000863547498560027,0.00346959583209588
2012-01-01,1669,2012.0,2639738.67401429,177597.427471429,25.3939428571429,0.000448807965625519,0.000715807899858038,0.00276095221669269
2012-01-08,1670,2012.01912568306,2639738.67402857,177597.427157143,25.3951142857143,0.000639568210184118,0.000780720058784153,0.00250561274703288
2012-01-15,1671,2012.03825136612,2639738.67422857,177597.4275,25.395,0.000537631411916754,0.000929157325642504,0.00133915396177295
2012-01-22,1672,2012.05737704918,2639738.67471429,177597.427614286,25.3963857142857,0.000614894532589379,0.00086492499000847,0.0033582875454749
2012-01-29,1673,2012.07650273224,2639738.674,177597.427071429,25.3970285714286,0.000553774880423671,0.000791021043051083,0.00147841614091405
2012-02-05,1674,2012.0956284153,2639738.67364286,177597.428128571,25.3971714285714,0.000330943692952321,0.000657556800631909,0.00130347520845226
2012-02-12,1675,2012.11475409836,2639738.67412857,177597.427714286,25.3940714285714,0.00044614745858576,0.00127335327791394,0.00281703998653042
2012-02-19,1676,2012.13387978142,2639738.67403333,177597.426833333,25.3959,0.00160104140021286,0.000568624081108008,0.00235159520326078
2012-02-26,1677,2012.15300546448,2639738.6736,177597.426533333,25.3975666666667,0.000655743910206145,0.00104083300489673,0.00315330514434169
2012-03-04,1678,2012.17213114754,2639738.67381667,177597.426383333,25.3960583333333,0.0,0.0,0.0
2012-03-11,1679,2012.1912568306,2639738.6741,177597.426,25.39435,0.00056568545181795,0.000848528136567749,0.00502045814642535
2012-03-18,1680,2012.21038251366,2639738.67358,177597.4265,25.39176,0.000931128321345296,0.000570087715377822,0.00243987704608246
2012-03-25,1681,2012.22950819672,2639738.67405,177597.42785,25.3913,0.000868907303985275,0.00109498858273473,0.00264726273724368
2012-04-01,1682,2012.24863387978,2639738.67343333,177597.4276,25.3917666666667,0.000650640761643166,0.000624499801539934,0.00565184335711324
2012-04-08,1683,2012.26775956284,2639738.6728,177597.42852,25.38764,0.00042426411630288,0.00131984846905009,0.0042128375235704
2012-04-15,1684,2012.2868852459,2639738.67276667,177597.425333333,25.3867333333333,0.00128582011425214,0.00107857931380121,0.00386824680357173
2012-04-22,1685,2012.30601092896,2639738.67194286,177597.426914286,25.3878142857143,0.00299825340683014,0.00103831365124812,0.00576698320078123
2012-04-29,1686,2012.32513661202,2639738.67043333,177597.428,25.3962,0.0014843628064458,0.00147309198906005,0.000721110255091117
2012-05-06,1687,2012.34426229508,2639738.67315714,177597.427857143,25.3965428571429,0.00101136392203843,0.00122726952756633,0.00561867633963057
2012-05-13,1688,2012.36338797814,2639738.674,177597.42852,25.39154,0.00338304597150254,0.0010183319745177,0.00465327841419422
2012-05-20,1689,2012.3825136612,2639738.67483333,177597.428483333,25.4001,0.000686051461174712,0.00120899407652504,0.00384915575159008
2012-05-27,1690,2012.40163934426,2639738.674625,177597.427175,25.40125,0.000942956305956127,0.000801560972503168,0.00454935892919669
2012-06-03,1691,2012.42076502732,2639738.67374286,177597.4279,25.3985285714286,0.00125014275803425,0.000588784064301093,0.00289004860726893
2012-06-10,1692,2012.43989071038,2639738.6741,177597.43088,25.39998,0.00104403071720589,0.00343467610856723,0.00581523860215605
2012-06-17,1693,2012.45901639344,2639738.674245,177597.42961,25.399825,0.0,0.0,0.0
2012-06-24,1694,2012.4781420765,2639738.67439,177597.42852,25.39943,0.0,0.0,0.0
2012-07-01,1695,2012.49726775956,2639738.674535,177597.42743,25.399035,0.0,0.0,0.0
2012-07-08,1696,2012.51639344262,2639738.67468,177597.4264,25.39896,0.00146867288973978,0.000583095188480287,0.00411679486979911
2012-07-15,1697,2012.53551912568,2639738.67494286,177597.427328571,25.3940142857143,0.0020703116069665,0.000570713845314645,0.00187920956027444
2012-07-22,1698,2012.55464480874,2639738.67525,177597.427883333,25.3980333333333,0.00111489900899807,0.00138912441831061,0.00264625521570956
2012-07-29,1699,2012.5737704918,2639738.6754,177597.428566667,25.4020166666667,0.00123612296590081,0.00132614730297859,0.0061281046553295
2012-08-05,1700,2012.59289617486,2639738.67491667,177597.425233333,25.3949,0.00173714321878257,0.00255786369246784,0.0054214389233853
2012-08-12,1701,2012.61202185792,2639738.67497143,177597.427614286,25.4003857142857,0.00121341698138836,0.00183160091395945,0.00393760865307394
2012-08-19,1702,2012.63114754098,2639738.67494,177597.42748,25.3934,0.00158839545666355,0.00209690247726963,0.00612290780593689
2012-08-26,1703,2012.65027322404,2639738.678475,177597.426625,25.3859,0.00497083153341596,0.00248780358711281,0.00778759697638799
2012-09-02,1704,2012.6693989071,2639738.67406,177597.4267,25.39622,0.00109681364581723,0.00124298028177252,0.00585209364244905
2012-09-09,1705,2012.68852459016,2639738.67565714,177597.425428571,25.3917571428571,0.00168013610297924,0.00199726002971304,0.00517038268824036
2012-09-16,1706,2012.70765027322,2639738.67607143,177597.426442857,25.3945571428571,0.0010609968298303,0.0016318263216826,0.00432776198623766
2012-09-23,1707,2012.72677595628,2639738.6772,177597.425166667,25.3981666666667,0.00133116479695027,0.00259281057409725,0.00463235001556132
2012-09-30,1708,2012.74590163934,2639738.67714286,177597.425757143,25.3916,0.00108452319997872,0.000979552863217551,0.00446504945847945
2012-10-07,1709,2012.7650273224,2639738.67735714,177597.425314286,25.3938,0.000955435692851472,0.001036707245511,0.00455228880161777
2012-10-14,1710,2012.78415300546,2639738.67731667,177597.424933333,25.3885,0.00122379195169309,0.00100133244552163,0.0037169880279605
2012-10-21,1711,2012.80327868852,2639738.67788571,177597.425,25.3898285714286,0.00260475765274589,0.00125962957069949,0.00439648127700399
2012-10-28,1712,2012.82240437158,2639738.67693333,177597.42525,25.3927166666667,0.000524086422162896,0.00175698605502558,0.00634898942089703
2012-11-04,1713,2012.84153005464,2639738.6764,177597.425733333,25.3908666666667,0.00127436269379788,0.000612100213058249,0.00546284419205507
2012-11-11,1714,2012.8606557377,2639738.67644286,177597.425471429,25.3929714285714,0.000888551571099343,0.00127110750689921,0.00654337178262937
2012-11-18,1715,2012.87978142077,2639738.67663333,177597.425333333,25.40015,0.00119107788504565,0.00134857949902696,0.0056170276837483
2012-11-25,1716,2012.89890710383,2639738.67552857,177597.4252,25.3933714285714,0.0014738999107745,0.00121380942371607,0.00431575187953595
2012-12-02,1717,2012.91803278689,2639738.67706667,177597.425533333,25.3952833333333,0.000694742251728391,0.00201362028576669,0.00381702327300563
2012-12-09,1718,2012.93715846995,2639738.6768,177597.425233333,25.3968666666667,0.00103923033226487,0.000873689491888219,0.00302379452564743
2012-12-16,1719,2012.95628415301,2639738.67628571,177597.424657143,25.3961428571429,0.000978823423110858,0.000958918034026165,0.004299557009296
2012-12-23,1720,2012.97540983607,2639738.6762,177597.42584,25.39836,0.00130192168046451,0.00118448300810516,0.00523287683783971
2012-12-30,1721,2012.99453551913,2639738.67576667,177597.424066667,25.3979,0.000945163194777298,0.000709459893441533,0.00385875627631489
2013-01-06,1722,2013.01369863014,2639738.6766,177597.423916667,25.4002166666667,0.00111892812200638,0.00120402104230199,0.00212265556948595
2013-01-13,1723,2013.03287671233,2639738.67507143,177597.424371429,25.4009857142857,0.00177361621718609,0.00062640318852314,0.00459580554108134
2013-01-20,1724,2013.05205479452,2639738.67544286,177597.425342857,25.3967,0.000642539629026838,0.000667974911611943,0.00278088714861571
2013-01-27,1725,2013.07123287671,2639738.67565714,177597.425,25.3983571428571,0.000752456318049864,0.00102143690122931,0.00311921846133352
2013-02-03,1726,2013.0904109589,2639738.67615714,177597.424671429,25.3962714285714,0.00100475074994431,0.00150633582542209,0.00399237368229044
2013-02-10,1727,2013.1095890411,2639738.67571429,177597.424271429,25.4001428571429,0.000569878824517277,0.000805634918177866,0.0022195023037134
2013-02-17,1728,2013.12876712329,2639738.67627143,177597.424485714,25.3926428571429,0.000979309722023028,0.00100237811971382,0.00233227867321229
2013-02-24,1729,2013.14794520548,2639738.67592857,177597.425114286,25.3954571428571,0.000696932107811669,0.000578586122802296,0.00220669975518295
2013-03-03,1730,2013.16712328767,2639738.67565714,177597.425428571,25.3919714285714,0.00118442270783561,0.000667618367954825,0.00363213173665018
2013-03-10,1731,2013.18630136986,2639738.67541429,177597.423914286,25.3908285714286,0.00121164984370112,0.00113494283423189,0.00374286623045023
2013-03-17,1732,2013.20547945205,2639738.67525,177597.42455,25.38745,0.000531977484811075,0.000946044391826358,0.0052978297443385
2013-03-24,1733,2013.22465753425,2639738.67554286,177597.424728571,25.3889,0.000950187943956114,0.00126585186756818,0.0039970822691899
2013-03-31,1734,2013.24383561644,2639738.676225,177597.42455,25.392025,0.00126062145771533,0.00178232059288668,0.00313302303428102
2013-04-07,1735,2013.26301369863,2639738.67628571,177597.426357143,25.3948714285714,0.00115098303333232,0.00125811650932157,0.00150744185704819
2013-04-14,1736,2013.28219178082,2639738.67647143,177597.425642857,25.3974142857143,0.00124058352277581,0.00114725344645079,0.00472314463446722
2013-04-21,1737,2013.30136986301,2639738.67645,177597.425133333,25.3929666666667,0.000378153442916994,0.00113078143865952,0.00270308465769514
2013-04-28,1738,2013.32054794521,2639738.67728571,177597.4248,25.3964285714286,0.00156463897743898,0.00121380942571417,0.00453384100798782
2013-05-05,1739,2013.3397260274,2639738.67565714,177597.425457143,25.3936285714286,0.000665475161422457,0.00134889725747036,0.0032816227112592
2013-05-12,1740,2013.35890410959,2639738.67558333,177597.4243,25.3924666666667,0.00172094949810266,0.0016923356609066,0.00508474843691092
2013-05-19,1741,2013.37808219178,2639738.67413333,177597.4266,25.3919666666667,0.00145005744319483,0.00203666393960402,0.00625449171928919
2013-05-26,1742,2013.39726027397,2639738.67414286,177597.424414286,25.3957428571429,0.00197134227150569,0.000900793300643475,0.00400410503644114
2013-06-02,1743,2013.41643835616,2639738.67332,177597.42646,25.39162,0.000855570023364346,0.00161027948755583,0.00576341912409745
2013-06-09,1744,2013.43561643836,2639738.6746,177597.4279,25.3939333333333,0.000435889955118996,0.00145258390149818,0.00704367328411454
2013-06-16,1745,2013.45479452055,2639738.67285,177597.426625,25.393225,0.00209523265847943,0.00166408133605669,0.0064917255025146
2013-06-23,1746,2013.47397260274,2639738.67346,177597.42818,25.3929,0.00161493037539134,0.0019331321704888,0.00524785670536167
2013-06-30,1747,2013.49315068493,2639738.67498333,177597.42705,25.3877833333333,0.00215816280730435,0.000948156106124612,0.0015778677595624
2013-07-07,1748,2013.51232876712,2639738.67302857,177597.427585714,25.3898714285714,0.00222089650469351,0.00174683387612323,0.00530085348024709
2013-07-14,1749,2013.53150684932,2639738.6731,177597.42815,25.390675,0.00184571571940545,0.00147535306217548,0.00440104154339355
2013-07-21,1750,2013.55068493151,2639738.67444,177597.42704,25.398,0.000712741090433942,0.0012641202464764,0.00439999999999943
2013-07-28,1751,2013.5698630137,2639738.67304,177597.42684,25.39142,0.00244908149835994,0.00375139974293135,0.00330786940491873
2013-08-04,1752,2013.58904109589,2639738.67405,177597.4254,25.3843166666667,0.00113622167836173,0.000995991968392661,0.0052296908767791
2013-08-11,1753,2013.60821917808,2639738.674675,177597.4244,25.377525,0.00179698819386156,0.00198494331674907,0.00295902574056657
2013-08-18,1754,2013.62739726027,2639738.6742,177597.42625,25.3854833333333,0.0014993332656512,0.00131567472907386,0.00446695272715754
2013-08-25,1755,2013.64657534247,2639738.6736,177597.42534,25.38796,0.00202854617730513,0.00152741612323909,0.00465274112755014
2013-09-01,1756,2013.66575342466,2639738.67425,177597.427,25.3969,0.000777817455090517,0.000989949499522213,0.00480832611206988
2013-09-08,1757,2013.68493150685,2639738.67467143,177597.424585714,25.4014714285714,0.000590802493424619,0.00210746971315067,0.00363350807792944
2013-09-15,1758,2013.70410958904,2639738.67641429,177597.425642857,25.4035714285714,0.00172281607682146,0.00215859301290523,0.00141151725188896
2013-09-22,1759,2013.72328767123,2639738.67695714,177597.424457143,25.3966428571429,0.00180079346446673,0.00233798855403281,0.00511626724049784
2013-09-29,1760,2013.74246575342,2639738.67594286,177597.423385714,25.3934714285714,0.0012528063666477,0.00153234958087995,0.00289523417919576
2013-10-06,1761,2013.76164383562,2639738.67616,177597.42256,25.4,0.00203051710653903,0.00192561678704828,0.00365034244968912
2013-10-13,1762,2013.78082191781,2639738.676475,177597.42375,25.39175,0.000928708858066489,0.000881286936137121,0.0015022205785656
2013-10-20,1763,2013.8,2639738.67748333,177597.42265,25.3938666666667,0.00103810711683965,0.00106723942843424,0.00537165399729571
2013-10-27,1764,2013.81917808219,2639738.67708333,177597.424166667,25.3964833333333,0.000830461743691013,0.00214538263773491,0.00481099435321499
2013-11-03,1765,2013.83835616438,2639738.67638571,177597.424428571,25.3963285714286,0.00105107651221561,0.00163983158274428,0.00442256120580042
2013-11-10,1766,2013.85753424658,2639738.67532857,177597.424814286,25.3969,0.000720449673156583,0.00134093073619459,0.00446616912651857
2013-11-17,1767,2013.87671232877,2639738.67597143,177597.425228571,25.3963428571429,0.000937575431822333,0.000596417872021806,0.00391231267617881
2013-11-24,1768,2013.89589041096,2639738.67462857,177597.425814286,25.3968285714286,0.000844026573019702,0.000975411998316477,0.00489786153530753
2013-12-01,1769,2013.91506849315,2639738.67512857,177597.426214286,25.3891571428571,0.00114267844534694,0.000601189293435577,0.00361425748153889
2013-12-08,1770,2013.93424657534,2639738.67487143,177597.425157143,25.3939714285714,0.000647338895440874,0.0012053452409021,0.00299093869641491
2013-12-15,1771,2013.95342465753,2639738.67571429,177597.424342857,25.3989571428571,0.000859124645389863,0.000925305609988285,0.00333409515104088
2013-12-22,1772,2013.97260273973,2639738.67604286,177597.424385714,25.3989,0.0011702665176416,0.00132341549533751,0.00254689353265252
2013-12-29,1773,2013.99178082192,2639738.67488571,177597.4241,25.3968285714286,0.000601189255514153,0.000360555129873273,0.00250513757820102
2014-01-05,1774,2014.01095890411,2639738.67518571,177597.424214286,25.3967857142857,0.000827503455401916,0.000885867881203161,0.00425575240955402
2014-01-12,1775,2014.0301369863,2639738.67558571,177597.424585714,25.3985857142857,0.000636209058796969,0.00101886959010291,0.00211299832105042
2014-01-19,1776,2014.04931506849,2639738.67565714,177597.424557143,25.3946714285714,0.000650274554908867,0.000950187952561486,0.00449025399642097
2014-01-26,1777,2014.06849315068,2639738.67495,177597.424416667,25.3921833333333,0.000432434996170738,0.0011321071835774,0.00451239034954475
2014-02-02,1778,2014.08767123288,2639738.67508762,177597.424633333,25.391019047619,0.0,0.0,0.0
2014-02-09,1779,2014.10684931507,2639738.67525857,177597.4245,25.3905214285714,0.0,0.0,0.0
2014-02-16,1780,2014.12602739726,2639738.67542952,177597.424366667,25.3900238095238,0.0,0.0,0.0
2014-02-23,1781,2014.14520547945,2639738.67560048,177597.424233333,25.3895261904762,0.0,0.0,0.0
2014-03-02,1782,2014.16438356164,2639738.67572857,177597.423642857,25.3896857142857,0.00108737350609488,0.0010564991537093,0.00289218981133013
2014-03-09,1783,2014.18356164384,2639738.67568571,177597.424728571,25.3903285714286,0.00126679200810231,0.00127503501001017,0.00457081841166134
2014-03-16,1784,2014.20273972603,2639738.67491429,177597.424028571,25.3930714285714,0.000753720851425376,0.00119682118576323,0.00347405348534683
2014-03-23,1785,2014.22191780822,2639738.67646,177597.42264,25.38736,0.001692040283808,0.00151591556186561,0.00513059450746213
2014-03-30,1786,2014.24109589041,2639738.6754675,177597.42356,25.3852375,0.0,0.0,0.0
2014-04-06,1787,2014.2602739726,2639738.67445,177597.424025,25.38495,0.00157585946244214,0.00152616076235673,0.00139880901722505
2014-04-13,1788,2014.27945205479,2639738.67395714,177597.423771429,25.3851,0.000820278768669859,0.00105785047168258,0.00616522505671853
2014-04-20,1789,2014.29863013699,2639738.67551429,177597.424142857,25.3832285714286,0.000738079893983263,0.00139625348706413,0.00190062646313811
2014-04-27,1790,2014.31780821918,2639738.67512857,177597.424785714,25.3848571428571,0.000811817510630711,0.00184067792857846,0.00309561902417907
2014-05-04,1791,2014.33698630137,2639738.67506667,177597.425383333,25.38385,0.000441210403284674,0.00113739468132812,0.00442933403572102
2014-05-11,1792,2014.35616438356,2639738.6762,177597.4263,25.3962,0.0,0.0,0.0
2014-05-18,1793,2014.37534246575,2639738.6742,177597.427866667,25.3878666666667,0.00109999999403954,0.00106926765260957,0.00601692058559338
2014-05-25,1794,2014.39452054795,2639738.6742,177597.4262,25.3971,0.0,0.0,0.0
2014-06-01,1795,2014.41369863014,2639738.67522857,177597.427728571,25.3909428571429,0.0010045136606293,0.00172984998001694,0.00534192759930286
2014-06-08,1796,2014.43287671233,2639738.67616667,177597.426433333,25.3909666666667,0.00119275587214414,0.00186511840164234,0.00444687155949794
2014-06-15,1797,2014.45205479452,2639738.67458333,177597.426816667,25.3885166666667,0.000702614123718359,0.00152238847873859,0.00518668166236036
2014-06-22,1798,2014.47123287671,2639738.67532857,177597.425642857,25.3907428571429,0.000576524871459052,0.00110432052270011,0.0081916333623315
2014-06-29,1799,2014.4904109589,2639738.6752,177597.4252,25.3838166666667,0.00130537353252846,0.00194627849655375,0.0043613835725224
2014-07-06,1800,2014.5095890411,2639738.6749,177597.425328571,25.3817,0.00125698039273242,0.00173562120554096,0.00516300945831664
2014-07-13,1801,2014.52876712329,2639738.67535,177597.426083333,25.3779166666667,0.000981325618357155,0.00234556318494356,0.0051731679526826
2014-07-20,1802,2014.54794520548,2639738.67496,177597.42654,25.38134,0.000594138068137881,0.000743639697800814,0.00658126127729388
2014-07-27,1803,2014.56712328767,2639738.67588333,177597.4261,25.3832,0.00214887573310806,0.00203960780071568,0.00582168360528104
2014-08-03,1804,2014.58630136986,2639738.6761,177597.42705,25.3837666666667,0.00110634534954269,0.00151095995929562,0.00540209835773732
2014-08-10,1805,2014.60547945205,2639738.67587143,177597.426285714,25.3868142857143,0.00207582465810581,0.00122668737220082,0.00556160305770104
2014-08-17,1806,2014.62465753425,2639738.67468571,177597.425328571,25.3827428571429,0.00200534992121256,0.0018598515057974,0.00605718778060592
2014-08-24,1807,2014.64383561644,2639738.67525,177597.423133333,25.3887666666667,0.000731436813519046,0.00190648017296006,0.00328247873818931
2014-08-31,1808,2014.66301369863,2639738.67514286,177597.424857143,25.3799571428571,0.00129081000016307,0.00132017314932206,0.00459015509645671
2014-09-07,1809,2014.68219178082,2639738.67451429,177597.425014286,25.3713285714286,0.00183069079070292,0.00181514790144469,0.00238447358670977
2014-09-14,1810,2014.70136986301,2639738.67554286,177597.4238,25.3732714285714,0.00131003459466529,0.000875595034148854,0.00450877451410499
2014-09-21,1811,2014.72054794521,2639738.67551429,177597.423257143,25.3730428571429,0.000790418884449712,0.0023100195841271,0.00675792303962684
2014-09-28,1812,2014.7397260274,2639738.67564286,177597.4223,25.3757142857143,0.00128951813106148,0.00255734237608472,0.00275162289775179
2014-10-05,1813,2014.75890410959,2639738.6772,177597.4218,25.3760857142857,0.000668331246292317,0.00138684293902976,0.0013018302134919
2014-10-12,1814,2014.77808219178,2639738.67634286,177597.422014286,25.3724714285714,0.00092530559815591,0.0018622822650324,0.00465464437800638
2014-10-19,1815,2014.79726027397,2639738.67585714,177597.422385714,25.3737428571429,0.0005940177787704,0.0014016996562545,0.00599718187786524
2014-10-26,1816,2014.81643835616,2639738.67546667,177597.42215,25.3717166666667,0.000671317115170237,0.00103682207845658,0.00275638652345163
2014-11-02,1817,2014.83561643836,2639738.67632857,177597.4227,25.3769857142857,0.00113389351004107,0.0017701224125658,0.00250295063969745
2014-11-09,1818,2014.85479452055,2639738.67577143,177597.423314286,25.3772571428571,0.000670110131228601,0.000965105470255731,0.0038643055188306
2014-11-16,1819,2014.87397260274,2639738.67591429,177597.422714286,25.3761714285714,0.000589996042765751,0.00163343051106157,0.00535590461880228
2014-11-23,1820,2014.89315068493,2639738.67512857,177597.423028571,25.3780571428571,0.000736465158832907,0.00110259434996958,0.00494228595653761
2014-11-30,1821,2014.91232876712,2639738.6759,177597.423242857,25.3796857142857,0.00102632034419899,0.00175010204106475,0.00485366822497099
2014-12-07,1822,2014.93150684932,2639738.67568571,177597.423,25.3800142857143,0.000758130512870006,0.00203306009325315,0.00192477580636414
2014-12-14,1823,2014.95068493151,2639738.67561429,177597.422742857,25.3753,0.000710465932920078,0.00110432051962542,0.00274043792120833
2014-12-21,1824,2014.9698630137,2639738.67542857,177597.423971429,25.3772714285714,0.0011309499435965,0.00086161531705202,0.00462446908149636
2014-12-28,1825,2014.98904109589,2639738.676,177597.424042857,25.3786714285714,0.000743863827362399,0.000974435121512518,0.00271459897941657
2015-01-04,1826,2015.00821917808,2639738.67551667,177597.4235,25.3807,0.000487909333481605,0.0012165525024399,0.00138082101181369
2015-01-11,1827,2015.02739726027,2639738.67584286,177597.422485714,25.3797428571429,0.000528700208923469,0.00140881578337074,0.00231506453679444
2015-01-18,1828,2015.04657534247,2639738.6752,177597.423614286,25.3778571428571,0.000602771434934313,0.000796719462721937,0.00257154761629225
2015-01-25,1829,2015.06575342466,2639738.67545714,177597.422742857,25.3814285714286,0.000844308657498755,0.000399404318592168,0.00227061980210504
2015-02-01,1830,2015.08493150685,2639738.67525714,177597.422414286,25.3781142857143,0.000694879259583987,0.000779804620915037,0.00102050407712532
2015-02-08,1831,2015.10410958904,2639738.67488571,177597.422971429,25.3745857142857,0.000656832194305222,0.00125394614761707,0.0027039653421276
2015-02-15,1832,2015.12328767123,2639738.67538333,177597.423066667,25.3785833333333,0.00039334745673698,0.00117284081000241,0.00210983148352895
2015-02-22,1833,2015.14246575342,2639738.67585714,177597.422871429,25.3803857142857,0.000492805467831234,0.00100617143571706,0.0029180064949824
2015-03-01,1834,2015.16164383562,2639738.67518571,177597.422928571,25.3777428571429,0.000494734166861646,0.00107659074509102,0.00368820513839138
2015-03-08,1835,2015.18082191781,2639738.67531429,177597.422542857,25.3764714285714,0.000885867888008537,0.00143394228855859,0.00422993864640927
2015-03-15,1836,2015.2,2639738.6749,177597.423728571,25.3742714285714,0.00111803399152658,0.00116004926573686,0.00402231868690773
2015-03-22,1837,2015.21917808219,2639738.67505714,177597.422942857,25.3728714285714,0.00153824259183608,0.0012528063690814,0.00278969190993986
2015-03-29,1838,2015.23835616438,2639738.67648571,177597.422528571,25.3685571428571,0.00115531901986226,0.00120099165136667,0.00535408166506542
2015-04-05,1839,2015.25753424658,2639738.67471429,177597.422228571,25.3706285714286,0.001,0.001,0.005
2015-04-12,1840,2015.27671232877,2639738.6752,177597.4215,25.3692142857143,0.001,0.001,0.005
2015-04-19,1841,2015.29589041096,2639738.67513333,177597.422466667,25.3664,0.001,0.001,0.004
2015-04-26,1842,2015.31506849315,2639738.67534286,177597.423614286,25.3650428571429,0.001,0.001,0.004
2015-05-01,1842,2015.32876712329,2639738.67655,177597.42385,25.36265,0.002,0.001,0.002
2015-05-03,1843,2015.33424657534,2639738.67428571,177597.4225,25.3654714285714,0.001,0.002,0.007
2015-05-10,1844,2015.35342465753,2639738.67485714,177597.423585714,25.3638285714286,0.001,0.001,0.004
2015-05-17,1845,2015.37260273973,2639738.67361429,177597.4241,25.3642714285714,0.001,0.002,0.006
2015-05-24,1846,2015.39178082192,2639738.67501429,177597.425857143,25.3727,0.002,0.002,0.005
2015-05-31,1847,2015.41095890411,2639738.67555714,177597.424814286,25.3815857142857,0.001,0.002,0.005
2015-06-01,1847,2015.41369863014,2639738.67555,177597.424816667,25.3815833333333,0.001,0.002,0.005
2015-06-07,1848,2015.4301369863,2639738.67565714,177597.424285714,25.3751857142857,0.002,0.002,0.005
2015-06-14,1849,2015.44931506849,2639738.67461429,177597.424042857,25.3711857142857,0.001,0.002,0.006
2015-06-21,1850,2015.46849315068,2639738.67588571,177597.423928571,25.3650428571429,0.001,0.002,0.005
2015-06-28,1851,2015.48767123288,2639738.6756,177597.4238,25.3683714285714,0.001,0.002,0.004
2015-07-01,1851,2015.49589041096,2639738.67605,177597.4236,25.369225,0.001,0.003,0.002
2015-07-05,1852,2015.50684931507,2639738.67677143,177597.422042857,25.3732285714286,0.001,0.002,0.004
2015-07-12,1853,2015.52602739726,2639738.67525714,177597.423728571,25.3633857142857,0.001,0.003,0.008
2015-07-19,1854,2015.54520547945,2639738.67425714,177597.423614286,25.3660285714286,0.002,0.002,0.006
2015-07-26,1855,2015.56438356164,2639738.67547143,177597.423657143,25.3649,0.002,0.001,0.006
2015-08-01,1855,2015.58082191781,2639738.6786,177597.4231,25.3586,0.0,0.0,0.0
2015-08-02,1856,2015.58356164384,2639738.67687143,177597.4223,25.3684,0.001,0.001,0.006
2015-08-09,1857,2015.60273972603,2639738.67674286,177597.423014286,25.3826857142857,0.002,0.002,0.007
2015-08-16,1858,2015.62191780822,2639738.67608571,177597.423214286,25.3759,0.001,0.001,0.006
2015-08-23,1859,2015.64109589041,2639738.67662857,177597.4238,25.3772285714286,0.001,0.001,0.006
2015-08-30,1860,2015.6602739726,2639738.67631429,177597.423785714,25.3799571428571,0.001,0.001,0.005
2015-09-01,1860,2015.66575342466,2639738.67608,177597.4233,25.37856,0.001,0.001,0.005
2015-09-06,1861,2015.67945205479,2639738.67695714,177597.423857143,25.3795571428571,0.001,0.003,0.004
2015-09-13,1862,2015.69863013699,2639738.67678571,177597.422642857,25.3813,0.002,0.001,0.003
2015-09-20,1863,2015.71780821918,2639738.67667143,177597.423342857,25.3768571428571,0.001,0.001,0.006
2015-09-27,1864,2015.73698630137,2639738.67684286,177597.422257143,25.3765571428571,0.001,0.001,0.006
2015-10-04,1865,2015.75616438356,2639738.67694286,177597.422271429,25.3775571428571,0.001,0.001,0.004
2015-10-11,1866,2015.77534246575,2639738.67731429,177597.421928571,25.3826285714286,0.001,0.001,0.004
2015-10-18,1867,2015.79452054795,2639738.67718571,177597.421571429,25.3842,0.001,0.001,0.006
2015-10-25,1868,2015.81369863014,2639738.67694286,177597.421671429,25.3762,0.001,0.001,0.003
2015-11-01,1869,2015.83287671233,2639738.67747143,177597.4217,25.3779571428571,0.001,0.001,0.003
2015-11-08,1870,2015.85205479452,2639738.67654286,177597.421742857,25.3772,0.001,0.001,0.003
2015-11-15,1871,2015.87123287671,2639738.67691429,177597.420885714,25.3778428571429,0.001,0.001,0.005
2015-11-22,1872,2015.8904109589,2639738.67692857,177597.421271429,25.3801,0.001,0.001,0.004
2015-11-29,1873,2015.9095890411,2639738.67697143,177597.421614286,25.3775571428571,0.001,0.001,0.002
2015-12-06,1874,2015.92876712329,2639738.6769,177597.422214286,25.3784,0.0,0.001,0.0
2015-12-13,1875,2015.94794520548,2639738.67651429,177597.421485714,25.3804714285714,0.0,0.001,0.001
2015-12-20,1876,2015.96712328767,2639738.67668571,177597.422,25.3787142857143,0.001,0.002,0.002
2015-12-27,1877,2015.98630136986,2639738.67691429,177597.420971429,25.3819571428571,0.001,0.001,0.002
2016-01-03,1878,2016.0054644808743,2639738.677128571,177597.42047142857,25.3756,0.0008459989912988429,0.0012106668744193904,0.005553677460325802
2016-01-10,1879,2016.0245901639344,2639738.6773571423,177597.42119999998,25.38327142857143,0.0007114706563838998,0.0013038404812131506,0.002982568404196699
2016-01-17,1880,2016.0437158469945,2639738.6775714285,177597.4210857143,25.384328571428576,0.0010094789031877924,0.0009651054746355478,0.002599816843364967
2016-01-24,1881,2016.0628415300546,2639738.6778857145,177597.42061428571,25.3822,0.0007057586256907741,0.0012482368517048308,0.0033005050118631598
2016-01-31,1882,2016.0819672131147,2639738.6775571434,177597.42047142857,25.384485714285713,0.0005472876562292754,0.0005089672083007422,0.005094581622151388
2016-02-07,1883,2016.1010928961748,2639738.677014286,177597.4211428571,25.382399999999997,0.0006792853991607368,0.0010179344104067536,0.0041424630354420615
2016-02-14,1884,2016.120218579235,2639738.677557143,177597.42128571428,25.383885714285718,0.0004995235507875953,0.0007358182995279965,0.004559761898546118
2016-02-21,1885,2016.139344262295,2639738.677171428,177597.4213,25.382342857142852,0.0008014867937037194,0.0010692676666724514,0.0037447105552842557
2016-02-28,1886,2016.1584699453551,2639738.677242857,177597.42125714288,25.379142857142856,0.000720779877731955,0.0018581865166401716,0.005910684433818607
2016-03-06,1887,2016.1775956284152,2639738.676742858,177597.42115714282,25.37562857142857,0.0008753229873714376,0.001430451147703655,0.004865427108937017
2016-03-13,1888,2016.1967213114754,2639738.6771571427,177597.4214714286,25.3808,0.0014898067207763596,0.0011771636634472424,0.003882439095894912
2016-03-20,1889,2016.2158469945355,2639738.677242857,177597.42062857142,25.37898571428571,0.0006803360902495041,0.0007250615768312729,0.005056820005835934
2016-03-27,1890,2016.2349726775956,2639738.676928572,177597.42141428575,25.381085714285714,0.00034503277517274956,0.0005843188988816423,0.002500285697961356
2016-04-03,1891,2016.2540983606557,2639738.676485714,177597.4221142857,25.381014285714286,0.0008153293439367426,0.0008173709354540404,0.0029985710882739027
2016-04-10,1892,2016.2732240437158,2639738.6768857143,177597.42125714288,25.382371428571425,0.0011021622940690294,0.0011970201116634808,0.004603518323237322
2016-04-17,1893,2016.292349726776,2639738.6768,177597.42214285716,25.38274285714286,0.0008124039029336099,0.001272605127323532,0.0027585365340198217
2016-04-24,1894,2016.311475409836,2639738.6773571423,177597.42045714287,25.382185714285715,0.0009466733851373328,0.001034177845531994,0.006269882660100561
2016-05-01,1895,2016.3306010928961,2639738.6779,177597.42195714288,25.383271428571426,0.0007187952766808526,0.001410504807547754,0.0027084523783361112
2016-05-08,1896,2016.3497267759562,2639738.6763857147,177597.4205142857,25.374185714285716,0.0009529403115229526,0.0008952254308434447,0.00920876911272239
2016-05-15,1897,2016.3688524590164,2639738.6765857143,177597.4204142857,25.377728571428573,0.0008839843903015844,0.0011582005758285423,0.001093487213329388
2016-05-22,1898,2016.3879781420765,2639738.6768714287,177597.42088571427,25.373585714285714,0.0011368293309425225,0.0017430132626743923,0.00859077578402697
2016-05-29,1899,2016.4071038251366,2639738.676128571,177597.42207142856,25.37302857142857,0.0012392395215652734,0.0021265890411317143,0.006907414925453406
2016-06-05,1900,2016.4262295081967,2639738.6773714283,177597.42205714286,25.37885714285714,0.0016152547613146851,0.0020815516165380945,0.00753809373401871
2016-06-12,1901,2016.4453551912568,2639738.677442857,177597.42245714288,25.377442857142857,0.0018017188258613293,0.0012286267946257084,0.006404648609372104
2016-06-19,1902,2016.464480874317,2639738.6778714284,177597.42074285718,25.375057142857145,0.0013021959644496232,0.0012011898888571162,0.004387048036685559
2016-06-26,1903,2016.483606557377,2639738.6778285718,177597.42314285712,25.366242857142858,0.001407970528567334,0.0013314868134642257,0.00690310489148577
2016-07-03,1904,2016.5027322404371,2639738.6784571423,177597.42142857143,25.36838571428572,0.0013611969238605723,0.0020766273024628726,0.003214253968097216
2016-07-10,1905,2016.5218579234972,2639738.6765285716,177597.42212857143,25.37354285714286,0.0009551863571913251,0.00262215832717383,0.002209718792710699
2016-07-17,1906,2016.5409836065573,2639738.677171428,177597.4214428572,25.371871428571428,0.0006473389365464089,0.0012245504490038365,0.007142995236760264
2016-07-24,1907,2016.5601092896175,2639738.677585714,177597.42064285715,25.365342857142856,0.0008820971172191402,0.001943242261222709,0.0044507891221145
2016-07-31,1908,2016.5792349726776,2639738.6776428567,177597.42047142857,25.364900000000002,0.0009107819514239204,0.0011309498766881505,0.0025232254490368685
2016-08-07,1909,2016.5983606557377,2639738.6778285718,177597.4197714286,25.370142857142856,0.0007134756489548267,0.0009604066585465594,0.006553588620711123
2016-08-14,1910,2016.6174863387978,2639738.6776,177597.4208,25.365371428571425,0.0014083086501135548,0.0022605309141752296,0.005937652253687142
2016-08-21,1911,2016.636612021858,2639738.6784857144,177597.42012857142,25.361842857142857,0.0011275764286298804,0.0012188987983006955,0.005309380736915168
2016-08-28,1912,2016.655737704918,2639738.677985714,177597.41974285714,25.36508571428572,0.001185226506112266,0.0015468862719365823,0.004564145984894418
2016-09-04,1913,2016.6748633879781,2639738.6791285714,177597.41931428574,25.369185714285717,0.0009911513175474525,0.0022527232172019286,0.009022643472846733
2016-09-11,1914,2016.6939890710382,2639738.6790142856,177597.41941428575,25.37191428571429,0.0005490251224626399,0.0014993649482579626,0.0005928141120362283
2016-09-18,1915,2016.7131147540983,2639738.6785,177597.4201,25.365000000000002,0.0,0.0,3.837369354665453e-15
2016-09-25,1916,2016.7322404371585,2639738.678357143,177597.42068571429,25.376157142857146,0.000950187914785053,0.0013082157995647256,0.006319772449188713
2016-10-02,1917,2016.7513661202186,2639738.679342857,177597.41912857143,25.377757142857142,0.0010533393589721761,0.00208543702888586,0.00799058970349006
2016-10-09,1918,2016.7704918032787,2639738.6797857145,177597.41742857144,25.37625714285714,0.0009317162588253579,0.0010127755401527557,0.008175951961465517
2016-10-16,1919,2016.7896174863388,2639738.6791285714,177597.41881428572,25.376157142857142,0.0019618989606441273,0.002697176648372835,0.004997951961506616
2016-10-23,1920,2016.808743169399,2639738.6787571427,177597.41867142855,25.37514285714286,0.0006106202076774021,0.0012459458061390408,0.003048965476386124
2016-10-30,1921,2016.827868852459,2639738.6787999994,177597.41825714285,25.376585714285714,0.0009273618308301925,0.0014953897430579938,0.004223122293369456
2016-11-06,1922,2016.8469945355191,2639738.679371428,177597.41897142856,25.372957142857143,0.0009304377524546445,0.0006550172723659997,0.0018437797616644711
2016-11-13,1923,2016.8661202185792,2639738.6784714283,177597.41947142855,25.369542857142854,0.0007543523753806238,0.0006651172464916848,0.003204089648588417
2016-11-20,1924,2016.8852459016393,2639738.679942857,177597.41878571428,25.37218571428571,0.0012340410149348285,0.0007470577202188927,0.0032687554060769424
2016-11-27,1925,2016.9043715846994,2639738.679714286,177597.41898571426,25.37681428571429,0.0009546875764533827,0.0007861903300093073,0.0037172698635016834
2016-12-04,1926,2016.9234972677596,2639738.679185714,177597.41944285715,25.373042857142856,0.001242884501954589,0.0014808298849407142,0.0063688976395330915
2016-12-11,1927,2016.9426229508197,2639738.679114286,177597.41890000002,25.373842857142858,0.0005756984534888859,0.000918331818067122,0.002855320847621242
2016-12-18,1928,2016.9617486338798,2639738.68,177597.4193142857,25.372642857142857,0.0012261050384833095,0.0009406178267259757,0.002673859347371219
2016-12-25,1929,2016.98087431694,2639738.6787571427,177597.41904285716,25.375542857142857,0.0011872335873151967,0.00035523298382114687,0.005627568196790273
2017-01-01,1930,2017.0,2639738.6779142856,177597.4198571429,25.37028571428571,0.00040590879560420997,0.000803859742236408,0.00168169415712087
2017-01-08,1931,2017.0191780821917,2639738.6787714288,177597.4195142857,25.374185714285716,0.0003817253734707107,0.00025448360394615075,0.0012707328219422435
2017-01-15,1932,2017.0383561643835,2639738.6785,177597.4191,25.376685714285713,0.0007023768507711044,0.0009848857786934192,0.0017827213012967058
2017-01-22,1933,2017.0575342465754,2639738.6787714288,177597.41974285716,25.373342857142855,0.0005964178839889077,0.0005028490242987393,0.0031579830814716654
2017-01-29,1934,2017.0767123287671,2639738.6782142855,177597.41935714288,25.37184285714286,0.000628300836064451,0.0012528063668689297,0.004473945739074788
2017-02-05,1935,2017.0958904109589,2639738.6782571427,177597.41932857138,25.370328571428566,0.0006553805448122347,0.0010061714377142849,0.0029448906520252206
2017-02-12,1936,2017.1150684931506,2639738.678242857,177597.41960000005,25.368314285714284,0.0004429339271082124,0.0005887840544150155,0.001602527765155405
2017-02-19,1937,2017.1342465753426,2639738.6781571433,177597.41919999997,25.370900000000002,0.0005061525348617361,0.0008869423147006476,0.002127596452965056
2017-02-26,1938,2017.1534246575343,2639738.6782142855,177597.4193,25.370342857142855,0.0006517375688359518,0.0005744562699849297,0.002520487481194807
2017-03-05,1939,2017.172602739726,2639738.6783285723,177597.4194285714,25.370371428571424,0.0005879747214794758,0.0004309458029292798,0.0014716366011056478
2017-03-12,1940,2017.1917808219177,2639738.6782285715,177597.41938571425,25.369542857142857,0.0006848706232537736,0.0011682302402157656,0.004526903703730605
2017-03-19,1941,2017.2109589041097,2639738.6781285717,177597.41878571428,25.369014285714282,0.0004191827827971747,0.0006309478875707327,0.002245312577666644
2017-03-26,1942,2017.2301369863014,2639738.6778,177597.41877142858,25.369142857142858,0.0004242640431312024,0.0011528432786563512,0.005237002050428472
2017-04-02,1943,2017.2493150684932,2639738.677242857,177597.4196,25.36462857142857,0.0007590720717267531,0.0005291502625957256,0.004667516929344252
2017-04-09,1944,2017.268493150685,2639738.6769714286,177597.42031428573,25.368,0.0012106668931931071,0.0009007932991818726,0.005338851312158145
2017-04-16,1945,2017.2876712328766,2639738.6773285717,177597.41997142855,25.367628571428572,0.001014419857060385,0.0011250396832916656,0.0030939264620185236
2017-04-23,1946,2017.3068493150686,2639738.6769714286,177597.41955714283,25.3688,0.000579408564743652,0.0013100345347876595,0.0035090359549787144
2017-04-30,1947,2017.3260273972603,2639738.677057143,177597.41968571433,25.367128571428573,0.0006214421608800603,0.0011066896167136002,0.003933071016272537
2017-05-07,1948,2017.345205479452,2639738.677428571,177597.41994285714,25.36222857142857,0.0009827076460380772,0.0015153186008820625,0.0016162861604244998
2017-05-14,1949,2017.3643835616438,2639738.678185715,177597.41881428572,25.361985714285712,0.0007861903996401442,0.0009546876849661183,0.0036562405881028145
2017-05-21,1950,2017.3835616438357,2639738.6775714285,177597.41901428573,25.363828571428574,0.0009013217281869161,0.0015004761152477828,0.003009271387846766
2017-05-28,1951,2017.4027397260274,2639738.6773,177597.4205857143,25.359642857142852,0.001279322802807502,0.0021736517500136384,0.0082255409432771
2017-06-04,1952,2017.4219178082192,2639738.678271428,177597.41975714284,25.362442857142856,0.0006651172440955485,0.0011355720209546988,0.0069173350222113995
2017-06-11,1953,2017.441095890411,2639738.677414286,177597.4197714286,25.363042857142858,0.001218508115261702,0.0020766273062669312,0.005595193515526036
2017-06-18,1954,2017.4602739726026,2639738.6772000003,177597.4195142857,25.371242857142857,0.001451436016427326,0.0017410998198764637,0.005605906748795104
2017-06-25,1955,2017.4794520547946,2639738.6785142855,177597.41942857142,25.365571428571428,0.0004259444384078777,0.00088640525609389,0.004130663500260634
2017-07-02,1956,2017.4986301369863,2639738.677785714,177597.41900000002,25.36147142857143,0.0012628388071351737,0.0015947831691669899,0.005195740013291102
2017-07-09,1957,2017.517808219178,2639738.6790142856,177597.41728571427,25.359514285714287,0.0009118270076409891,0.0016807027980891745,0.003060734427893676
2017-07-16,1958,2017.5369863013698,2639738.6787142856,177597.41874285712,25.35862857142857,0.0007755182348966387,0.0010113640059022703,0.004446239716776684
2017-07-23,1959,2017.5561643835617,2639738.6781428573,177597.4185142857,25.355471428571427,0.0011472534551484868,0.0008610624663185571,0.004721833784209898
2017-07-30,1960,2017.5753424657535,2639738.6784857144,177597.41910000003,25.36457142857143,0.0016456291332575571,0.002719681355539837,0.0058391535590116665
2017-08-06,1961,2017.5945205479452,2639738.677728571,177597.41911428576,25.361028571428573,0.0007111359748861845,0.0015015864586411449,0.007980332968349388
2017-08-13,1962,2017.613698630137,2639738.679414286,177597.4168428571,25.3629,0.0013508374311687978,0.0009216961572225974,0.006382267099811228
2017-08-20,1963,2017.6328767123289,2639738.679314286,177597.41662857143,25.359557142857142,0.0015290831260288463,0.0008635475011278468,0.006249495217710976
2017-08-27,1964,2017.6520547945206,2639738.679714286,177597.4160285714,25.359171428571432,0.0021255812132994086,0.0011250396775019016,0.004183186299825493
2017-09-03,1965,2017.6712328767123,2639738.6789714284,177597.4176142857,25.359742857142855,0.001188436344842615,0.0016657616617514407,0.007070091263639695
2017-09-10,1966,2017.690410958904,2639738.679314285,177597.4157,25.362614285714283,0.00044880789151515994,0.0005773502714076356,0.0036448267317884487
2017-09-17,1967,2017.7095890410958,2639738.6784714283,177597.41790000003,25.355914285714285,0.001048354738115187,0.0007702813339485587,0.0044808587612305386
2017-09-24,1968,2017.7287671232878,2639738.6788857146,177597.4177142857,25.350614285714283,0.0006148944045691762,0.0010383136549854414,0.0058276434835555545
2017-10-01,1969,2017.7479452054795,2639738.6789142857,177597.41654285716,25.353471428571428,0.0008335237245957347,0.001531727938641876,0.0029640705601776058
2017-10-08,1970,2017.7671232876712,2639738.681457143,177597.41642857142,25.356914285714286,0.0009947481636409944,0.0007341986185579319,0.0050587971466965545
2017-10-15,1971,2017.786301369863,2639738.6797428573,177597.41595714286,25.356985714285713,0.0008638232148538699,0.0008100558423379872,0.006457664327868803
2017-10-22,1972,2017.805479452055,2639738.6805999996,177597.41610000003,25.35488571428571,0.0006557438273581052,0.0009380831484328249,0.002726064667507258
2017-10-29,1973,2017.8246575342466,2639738.680542857,177597.41555714287,25.355657142857147,0.0008847920546428812,0.0011296860022515266,0.003097771856705128
2017-11-05,1974,2017.8438356164384,2639738.680142857,177597.4167142857,25.35657142857143,0.0012149857636057967,0.0012535663414495978,0.00127241802056053
2017-11-12,1975,2017.86301369863,2639738.680142857,177597.41657142856,25.35557142857143,0.001069044945828909,0.0005345224781000009,0.003735288603626734
2017-11-19,1976,2017.8821917808218,2639738.6794285714,177597.41714285713,25.35485714285714,0.0005345225714399307,0.00037796447996136243,0.0024784787961288843
2017-11-26,1977,2017.9013698630138,2639738.680428571,177597.41757142855,25.353571428571428,0.0009759000170526535,0.0009759000759875934,0.004894116973712845
2017-12-03,1978,2017.9205479452055,2639738.679714286,177597.41657142856,25.353571428571428,0.000951189782218496,0.0005345224781000009,0.003359421718943916
2017-12-10,1979,2017.9397260273972,2639738.68,177597.416,25.35585714285714,0.0008164965246565425,0.0005773502630060834,0.004099941927579622
2017-12-17,1980,2017.958904109589,2639738.6798571427,177597.41585714286,25.355428571428572,0.0010690449873133302,0.0006900655519516075,0.004353433237386647
2017-12-24,1981,2017.978082191781,2639738.679985714,177597.4153285714,25.354685714285715,0.0010350982494676932,0.0009013217819269609,0.0027321716462846497
2017-12-31,1982,2017.9972602739726,2639738.679714286,177597.41581428572,25.355485714285713,0.0008355208789802141,0.0005550632789726609,0.002596426115149728
2018-01-07,1983,2018.0164383561644,2639738.6791,177597.41587142856,25.3568,0.00038729825783186437,0.0011101265512038902,0.0020591260281979207
2018-01-14,1984,2018.035616438356,2639738.6793428576,177597.41554285717,25.359628571428573,0.0007114706470337244,0.0007807200555888802,0.005689673185024806
2018-01-21,1985,2018.054794520548,2639738.6795142856,177597.41487142857,25.356614285714283,0.0007151423425580724,0.0011190982771702,0.003607135785000529
2018-01-28,1986,2018.0739726027398,2639738.679942857,177597.41447142858,25.358985714285716,0.0003735288016725889,0.0003773340042987688,0.002893918088813997
2018-02-04,1987,2018.0931506849315,2639738.6800857144,177597.4141,25.357,0.0008315219321164883,0.0008366600280089906,0.0015853495934128876
2018-02-11,1988,2018.1123287671232,2639738.6790714287,177597.41447142855,25.354528571428574,0.0006676184531697843,0.0007181325052299675,0.0029651949265398552
2018-02-18,1989,2018.131506849315,2639738.6791285714,177597.41472857143,25.35748571428572,0.0005936168959159416,0.0010750415268036568,0.004167904578014077
2018-02-25,1990,2018.150684931507,2639738.6789285718,177597.41462857142,25.357085714285716,0.0004956957626397793,0.0007825477284850635,0.0034858899253169657
2018-03-04,1991,2018.1698630136987,2639738.6795857144,177597.41438571428,25.356,0.0008591246724907744,0.0007515064267784101,0.006174409553417134
2018-03-11,1992,2018.1890410958904,2639738.6783428574,177597.4154857143,25.354085714285713,0.0008141603129150136,0.0011668027148889763,0.0038242335055229323
2018-03-18,1993,2018.2082191780821,2639738.678657143,177597.4149,25.354485714285712,0.0008017836967535276,0.0009183318265183388,0.005587315566360313
2018-03-25,1994,2018.227397260274,2639738.6792428573,177597.4162857143,25.35332857142857,0.0008829064803731548,0.0011922368001725558,0.003916509621977854
2018-04-01,1995,2018.2465753424658,2639738.6783999996,177597.4149714286,25.351057142857144,0.00040414525083669794,0.0008014867214248194,0.003449568641079997
2018-04-08,1996,2018.2657534246575,2639738.6782,177597.41559999998,25.348314285714284,0.00045825751928393,0.0009712534798145709,0.0033393754762564816
2018-04-15,1997,2018.2849315068493,2639738.6787285716,177597.41457142858,25.351314285714288,0.0006019808014859878,0.0005618845835363405,0.002761297141700144
2018-04-22,1998,2018.304109589041,2639738.6785714286,177597.4148142857,25.348542857142856,0.0006317022155319207,0.0007380798830925356,0.002125917169017918
2018-04-29,1999,2018.323287671233,2639738.678014286,177597.4151857143,25.346085714285717,0.0008649250062721614,0.001076148330996784,0.002881798380311068
2018-05-06,2000,2018.3424657534247,2639738.679028571,177597.41461428572,25.34232857142857,0.0009759001227096604,0.0010221359550468439,0.008988087354144494
2018-05-13,2001,2018.3616438356164,2639738.6793285715,177597.4134714286,25.3456,0.0008901578243549483,0.0012284329943437482,0.004709564735726182
2018-05-20,2002,2018.3808219178081,2639738.679114286,177597.4137142857,25.33938571428572,0.0008989410871403412,0.0007861903329179278,0.001773347654794283
2018-05-27,2003,2018.4,2639738.6782571427,177597.4138,25.335314285714283,0.0011616900252948727,0.0006403124284000499,0.003587677322646546
2018-06-03,2004,2018.4191780821918,2639738.6787285716,177597.41409999997,25.33474285714286,0.0008240435102813727,0.0013178264926685863,0.0014408991901552139
2018-06-10,2005,2018.4383561643835,2639738.6796714286,177597.41388571428,25.338014285714287,0.0017094972043586382,0.0004775931740977885,0.007448361916427965
2018-06-17,2006,2018.4575342465753,2639738.6774714286,177597.41497142854,25.345228571428574,0.0015413353080710001,0.0019922468755214718,0.003082052501020978
2018-06-24,2007,2018.4767123287672,2639738.6793000004,177597.41470000002,25.34027142857143,0.0005859465124922295,0.002419366312659125,0.003981504860273455
2018-07-01,2008,2018.495890410959,2639738.6794000003,177597.4154142857,25.34781428571429,0.002242022971442552,0.001753499902962877,0.006121391065063159
2018-07-08,2009,2018.5150684931507,2639738.6798571427,177597.4148,25.35174285714286,0.0012946777326485728,0.0018484227527897138,0.0050569612558192135
2018-07-15,2010,2018.5342465753424,2639738.6810000003,177597.41384285715,25.343514285714285,0.0006831299812622687,0.0009071147354527832,0.004309071273266737
2018-07-22,2011,2018.5534246575342,2639738.679942857,177597.41264285712,25.346014285714286,0.0014455185572532917,0.0017415100242189761,0.008472785565450057
2018-07-29,2012,2018.572602739726,2639738.6790142856,177597.4149285714,25.337657142857147,0.0018334199807701478,0.0008901578263789271,0.006806334584501627
2018-08-05,2013,2018.5917808219178,2639738.6794000003,177597.41409999997,25.3426,5.029716760547103e-10,3.143572975341939e-11,0.0
2018-08-12,2014,2018.6109589041096,2639738.679285714,177597.4158857143,25.342700000000004,0.0006121780494267057,0.0007425823635883978,0.004250882261366021
2018-08-19,2015,2018.6301369863013,2639738.6802714285,177597.4122,25.34155714285714,0.0019267540000887215,0.0014719601401567324,0.007686754222439953
2018-08-26,2016,2018.6493150684933,2639738.6792428573,177597.41382857139,25.34707142857143,0.0007020378671748323,0.0008014867201279523,0.0049395392112068235
2018-09-02,2017,2018.668493150685,2639738.6794285714,177597.41454285715,25.349914285714284,0.0017016798789905255,0.0012108635305564696,0.008949381463064225
2018-09-09,2018,2018.6876712328767,2639738.6808714285,177597.41301428573,25.348985714285714,0.0011954277404384618,0.0016395411657802016,0.005923239139589472
2018-09-16,2019,2018.7068493150684,2639738.6791571425,177597.41404285718,25.35082857142857,0.0009829499070372523,0.001116329013621861,0.0071478934625796384
2018-09-23,2020,2018.7260273972602,2639738.6812285716,177597.41245714287,25.350357142857145,0.001275035037129533,0.001014654525175893,0.0053128326226398554
2018-09-30,2021,2018.7452054794521,2639738.6804714287,177597.41302857143,25.345314285714288,0.0004923219458343233,0.0008300889208962452,0.0037391748516785632
2018-10-07,2022,2018.7643835616439,2639738.6803285712,177597.41307142857,25.348157142857143,0.0009322272945834324,0.0013250336987493379,0.006784260495897135
2018-10-14,2023,2018.7835616438356,2639738.679971429,177597.41311428574,25.349357142857144,0.00032513735076991515,0.0012811824890833563,0.00443578521529097
2018-10-21,2024,2018.8027397260273,2639738.679257143,177597.4141857143,25.343928571428574,0.0006679748576678522,0.0008474050060168714,0.0025104543318654245
2018-10-28,2025,2018.8219178082193,2639738.679985714,177597.41337142856,25.3467,0.0009441549300477297,0.0005056819973328055,0.00645471403962508
2018-11-04,2026,2018.841095890411,2639738.6796999997,177597.4131,25.345771428571428,0.0007571877129066182,0.0007280109888598243,0.003272977383420416
2018-11-11,2027,2018.8602739726027,2639738.6791285714,177597.41392857142,25.344285714285714,0.000599205865947674,0.0006725927092458181,0.0023490626296664456
2018-11-18,2028,2018.8794520547945,2639738.679671429,177597.41255714284,25.346685714285716,0.000962140351798849,0.0008580154307030839,0.0026977945136899243
2018-11-25,2029,2018.8986301369864,2639738.6787857143,177597.4132142857,25.34454285714286,0.001015592592288259,0.0006440201106040481,0.0021823971093409677
2018-12-02,2030,2018.9178082191781,2639738.679371428,177597.41238571427,25.345642857142856,0.0007565586509591244,0.0006202917888693638,0.002753093498144437
2018-12-09,2031,2018.9369863013699,2639738.6791,177597.41237142854,25.348428571428574,0.0003605551608158222,0.0005023753145568803,0.00128674561810602
2018-12-16,2032,2018.9561643835616,2639738.6791285714,177597.41304285714,25.34472857142857,0.0005407226575163753,0.0004540820244928513,0.001962748316107258
2018-12-23,2033,2018.9753424657533,2639738.679971428,177597.41225714286,25.348614285714287,0.001053113362265834,0.000894160953195959,0.003870585042526143
2018-12-30,2034,2018.9945205479453,2639738.679971429,177597.41215714285,25.347328571428573,0.001114621461400664,0.0012804389188395048,0.003058166272847196
2019-01-06,2035,2019.013698630137,2639738.6794285714,177597.41262857144,25.3468,0.0006156684781699992,0.0004572172554398906,0.0029450523481483106
2019-01-13,2036,2019.0328767123287,2639738.679528571,177597.4117571429,25.3494,0.0006824325820632749,0.00032071349040346277,0.003942926155365741
2019-01-20,2037,2019.0520547945205,2639738.6796000004,177597.41212857142,25.347957142857148,0.0005131601494136486,0.0007476948702083361,0.0023458169457265957
2019-01-27,2038,2019.0712328767124,2639738.679842857,177597.41242857144,25.344942857142854,0.0005740415693160854,0.0004498677087668331,0.003989927795027047
2019-02-03,2039,2019.0904109589042,2639738.679342857,177597.41195714287,25.3486,0.0003457221881956483,0.0008283661477350724,0.0023741665204159205
2019-02-10,2040,2019.109589041096,2639738.679442857,177597.41211428572,25.34537142857143,0.0005855401795100653,0.0007904188133505193,0.0030782648173461997
2019-02-17,2041,2019.1287671232876,2639738.678642857,177597.4128142857,25.346300000000003,0.0009271051208105934,0.0006768273302011618,0.004883987441971044
2019-02-24,2042,2019.1479452054793,2639738.6791000003,177597.41304285714,25.34621428571429,0.0003366500307533902,0.0006852180786589558,0.003094311216532995
2019-03-03,2043,2019.1671232876713,2639738.679042857,177597.41317142855,25.348814285714287,0.0004577377638687957,0.0005407226140727297,0.0051385564028011204
2019-03-10,2044,2019.186301369863,2639738.6798857143,177597.41185714284,25.347985714285716,0.0009494358408621904,0.0006106202935837506,0.003801065013663955
2019-03-17,2045,2019.2054794520548,2639738.6793428576,177597.41248571427,25.3481,0.0005094347536326664,0.0009245333419144566,0.0031580584752879427
2019-03-24,2046,2019.2246575342465,2639738.6788571426,177597.41307142857,25.346157142857145,0.0007230886285982116,0.0010307186618531221,0.0026475505301177056
2019-03-31,2047,2019.2438356164384,2639738.6786428574,177597.41229999997,25.346799999999998,0.00039520951937320096,0.0005887840568865342,0.00466011444780806
2019-04-07,2048,2019.2630136986302,2639738.6787857143,177597.41271428572,25.345642857142856,0.000738079866944283,0.0015710172663231344,0.003996605702700361
2019-04-14,2049,2019.282191780822,2639738.6783428574,177597.4124285714,25.346028571428572,0.0007934253500939225,0.0013021959522104172,0.003585021750614569
2019-04-21,2050,2019.3013698630136,2639738.678014286,177597.4123142857,25.34337142857143,0.001272043775310253,0.0010090070568171024,0.003594771335200733
2019-04-28,2051,2019.3205479452056,2639738.6792428573,177597.41228571426,25.341628571428572,0.0008541216392326397,0.0011451762166231054,0.0035975520777859404
2019-05-05,2052,2019.3397260273973,2639738.6794857145,177597.41201428574,25.34458571428571,0.0009889870277146494,0.0009940297984531899,0.00399100178377444
2019-05-12,2053,2019.358904109589,2639738.6784857144,177597.41238571427,25.34087142857143,0.0009118270696533821,0.001168230240037817,0.006151345187765917
2019-05-19,2054,2019.3780821917808,2639738.6781285712,177597.41282857143,25.348242857142854,0.0021234517780411417,0.0007782764842123477,0.008681370310969355
2019-05-26,2055,2019.3972602739725,2639738.678685714,177597.41264285715,25.341257142857142,0.0009209208817432751,0.0005682051937510433,0.0027530934981444
2019-06-02,2056,2019.4164383561645,2639738.6776428567,177597.41142857142,25.345985714285714,0.0011773658569799394,0.0012983506039459106,0.007266459149505142
2019-06-09,2057,2019.4356164383562,2639738.678528571,177597.41372857144,25.343285714285717,0.00047157287835938443,0.001256601619575924,0.006219975501406436
2019-06-16,2058,2019.454794520548,2639738.6783857145,177597.41284285716,25.3478,0.0010367071927064409,0.0017558066947269597,0.00446654228682588
2019-06-23,2059,2019.4739726027397,2639738.6790142856,177597.41212857145,25.345557142857142,0.0006669046704488249,0.0013659115271878967,0.003839642840533484
2019-06-30,2060,2019.4931506849316,2639738.679,177597.4121857143,25.347071428571432,0.001135781782897283,0.0014287856985696144,0.005187393142904352
2019-07-07,2061,2019.5123287671233,2639738.6793142855,177597.4099,25.349614285714285,0.0011393397701942541,0.001096965512269668,0.006957592632376369
2019-07-14,2062,2019.531506849315,2639738.680628571,177597.4107142857,25.343357142857144,0.0017055930154948697,0.0019454464583013075,0.00577144035831036
2019-07-21,2063,2019.5506849315068,2639738.679671428,177597.41228571426,25.339557142857142,0.000655017218201235,0.0010976164705281215,0.006311591754556175
2019-07-28,2064,2019.5698630136985,2639738.679628572,177597.4113285714,25.338942857142854,0.0015564000520656518,0.0015563999952993676,0.010048690983217576
2019-08-04,2065,2019.5890410958905,2639738.6802,177597.4113285714,25.3436,0.0012463279148541009,0.0016888993309382822,0.004708148963942354
2019-08-11,2066,2019.6082191780822,2639738.6782571427,177597.4131,25.344328571428573,0.0018689187489185665,0.0022173557785482006,0.009865548520941266
2019-08-18,2067,2019.627397260274,2639738.679371428,177597.4122714286,25.34572857142857,0.0008635473984151507,0.001079682493205213,0.0069473530416782475
2019-08-25,2068,2019.6465753424657,2639738.6791,177597.41160000002,25.3474,0.002313006764969508,0.0012701705887716238,0.0043355122726926355
2019-09-01,2069,2019.6657534246576,2639738.6816857145,177597.41148571428,25.344928571428575,0.0014264507443579387,0.0009191092966687774,0.004713708478368151
2019-09-08,2070,2019.6849315068494,2639738.6802714285,177597.41087142858,25.33632857142857,0.0012161610450441957,0.0014103359892126857,0.008490526934122456
2019-09-15,2071,2019.704109589041,2639738.6808142853,177597.40984285716,25.348785714285718,0.0006094494655517253,0.0016236349574138564,0.004595442877253077
2019-09-22,2072,2019.7232876712328,2639738.680385714,177597.4097714286,25.345628571428566,0.0010761482662189734,0.0014738999107274775,0.004669658904643377
2019-09-29,2073,2019.7424657534248,2639738.6801142856,177597.41027142855,25.341828571428575,0.0014205968572796241,0.0010703804439388556,0.005292987274282207
2019-10-06,2074,2019.7616438356165,2639738.680642857,177597.40978571426,25.339642857142856,0.0006294366004602214,0.0005956189289529921,0.0026999118151388403
2019-10-13,2075,2019.7808219178082,2639738.6809714288,177597.40912857145,25.3409,0.0007718252865832455,0.0006945365029964807,0.003503331747541309
2019-10-20,2076,2019.8,2639738.6793285715,177597.4116571429,25.33938571428572,0.0029329815873609063,0.0029804122432346898,0.005585525511363606
2019-10-27,2077,2019.8191780821917,2639738.6808571434,177597.4097714286,25.343757142857147,0.0016420080999732629,0.0023830752452539553,0.005203478689894515
2019-11-03,2078,2019.8383561643836,2639738.680785714,177597.41021428574,25.341571428571427,0.0010730463860680283,0.0014848440675947214,0.002096595880400538
2019-11-10,2079,2019.8575342465754,2639738.6801714287,177597.4098,25.340200000000003,0.0009268482619354832,0.0007280109928575427,0.0008020806277011883
2019-11-17,2080,2019.876712328767,2639738.680685714,177597.4086,25.343785714285712,0.001057400236450831,0.0006506407102023415,0.002374467358818023
2019-11-24,2081,2019.8958904109588,2639738.681242857,177597.4085,25.34351428571429,0.0011296860055025493,0.0005446711599998216,0.0022593720155746552
2019-12-01,2082,2019.9150684931508,2639738.6809,177597.40942857144,25.344271428571428,0.0011661904077400504,0.0008976158895636708,0.003926285048963595
2019-12-08,2083,2019.9342465753425,2639738.6808857145,177597.4094285714,25.34165714285714,0.0006094493436644458,0.0005618845792199394,0.0023971212894199055
2019-12-15,2084,2019.9534246575342,2639738.680728571,177597.4095142857,25.341528571428572,0.0007250615638338062,0.0012798809479172392,0.0027974478164420054
2019-12-22,2085,2019.972602739726,2639738.6807571426,177597.40924285716,25.341299999999997,0.0006023762138752804,0.0006133436839538118,0.001618641405624299
2019-12-29,2086,2019.9917808219177,2639738.6807999997,177597.40886666664,25.3426,0.0016093476076248707,0.0011239810289415076,0.0038105117766508542
